ksndf,nsdfnsdmfnsdnf.sdnf.,sdmf.,ms.d,fsdf;lkjlfkjskdlfjlksdjflksjdflkjsdklfjlskdjflksjdflkjsfkljsdlkfjsljfklsdjkflkjsdlkfjskldjfklsjdfd
sdfkjsldkjfklsdjflkdsjlkfjsdlkjflksjdfkljsdlkfjlskdjflksjdflkjsdlkfjlskdjfkjsdlkfjsldkfjlskdjfklsjdf
skfjlksdjflksdjflksjdlfkjsdlfkjsldkfjlskdjflksjdflkjsdlkfjslkdjflksjdflkjsdlkfjlksdjflksdfj
sfkjdlskdjflksjdflkjsdlkfjslkfjlskjdflksdjflksjdflkjsdlkfjsdlkfjslkdjflksdjfkldsjlkfjlkwjelkwjdfkjlskdfjklsjdf
sdkjfklsjdlfkjsdlkfjslkdjflsdkjflksjflsjflkjsdlkfjslkdjflksdjflksjdflkjsdklfjklsdjfkljsdflkjsdklfjs
skjflksjflksjdlkfjslkdjflksjdflksjflkdsjlkfjsldkjflksjdflksjflksjdlfkjsdlkfjsljdfkldjkfdjflskdjflksjdlfkjsdf
skfjlskdjflksjdfljslkdfdjflksjdflkjsdlkfjslkfjlskjdflksdjflksjdflkjsdlkfjsdlkfjslkdjflksdjfkldsjlkfjlkwjelkwjdfkjlskdfjklsjdf
                       sdkjfklsjdlfkjsdlkfjslkdjflsdkjflksjflsjflkjsdlkfjslkdjflksdjflksjdflkjsdklfjklsdjfkljsdflkjsdklfjs
                       skjflksjflksjdlkfjslkdjflksjdflksjflkdsjlkfjsldkjflksjdflksjflksjdlfkjsdlkfjsljdfkldjkfdjflskdjflksjdlfkjsdf
                       skfjlskdjflksjdfljslkdfdjflksjdflkjsdlkfjslkfjlskjdflksdjflksjdflkjsdlkfjsdlkfjslkdjflksdjfkldsjlkfjlkwjelkwjdfkjlskdfjklsjdf
                                              sdkjfklsjdlfkjsdlkfjslkdjflsdkjflksjflsjflkjsdlkfjslkdjflksdjflksjdflkjsdklfjklsdjfkljsdflkjsdklfjs
                                              skjflksjflksjdlkfjslkdjflksjdflksjflkdsjlkfjsldkjflksjdflksjflksjdlfkjsdlkfjsljdfkldjkfdjflskdjflksjdlfkjsdf
                                              skfjlskdjflksjdfljslkdfdjflksjdflkjsdlkfjslkfjlskjdflksdjflksjdflkjsdlkfjsdlkfjslkdjflksdjfkldsjlkfjlkwjelkwjdfkjlskdfjklsjdf
                                                                     sdkjfklsjdlfkjsdlkfjslkdjflsdkjflksjflsjflkjsdlkfjslkdjflksdjflksjdflkjsdklfjklsdjfkljsdflkjsdklfjs
                                                                     skjflksjflksjdlkfjslkdjflksjdflksjflkdsjlkfjsldkjflksjdflksjflksjdlfkjsdlkfjsljdfkldjkfdjflskdjflksjdlfkjsdf
                                                                     skfjlskdjflksjdfljslkdf